USE SkillUp;
GO

SET NOCOUNT ON;
GO

/* ============================================================
   MOCK DATA - SISTEMALABORAL
   Script idempotente (evita duplicidade por chave única)
   ============================================================ */

BEGIN TRANSACTION;
BEGIN TRY

    /* ========================================================
       1. COMPETENCIA
       ======================================================== */
    IF NOT EXISTS (SELECT 1 FROM dbo.COMPETENCIA WHERE id = '11111111-1111-1111-1111-111111111001')
    INSERT INTO dbo.COMPETENCIA (id, nome, descricao) VALUES
    ('11111111-1111-1111-1111-111111111001', 'C#', 'Desenvolvimento backend com .NET e APIs.'),
    ('11111111-1111-1111-1111-111111111002', 'SQL Server', 'Modelagem, consultas e otimização em SQL Server.'),
    ('11111111-1111-1111-1111-111111111003', 'JavaScript', 'Desenvolvimento frontend e integração com APIs.'),
    ('11111111-1111-1111-1111-111111111004', 'React', 'Construção de interfaces SPA com React.'),
    ('11111111-1111-1111-1111-111111111005', 'Excel', 'Análise de dados, fórmulas e dashboards.'),
    ('11111111-1111-1111-1111-111111111006', 'Power BI', 'Criação de relatórios e indicadores gerenciais.'),
    ('11111111-1111-1111-1111-111111111007', 'Python', 'Automação, análise de dados e scripts.'),
    ('11111111-1111-1111-1111-111111111008', 'Atendimento ao Cliente', 'Comunicação e suporte ao cliente.'),
    ('11111111-1111-1111-1111-111111111009', 'Gestão de Projetos', 'Planejamento, execução e acompanhamento de projetos.'),
    ('11111111-1111-1111-1111-111111111010', 'Inglês', 'Leitura, escrita e conversação em inglês.');

    /* ========================================================
       2. AREA_ENSINO
       ======================================================== */
    IF NOT EXISTS (SELECT 1 FROM dbo.AREA_ENSINO WHERE id = '22222222-2222-2222-2222-222222222001')
    INSERT INTO dbo.AREA_ENSINO (id, nome) VALUES
    ('22222222-2222-2222-2222-222222222001', 'Tecnologia da Informação'),
    ('22222222-2222-2222-2222-222222222002', 'Administração'),
    ('22222222-2222-2222-2222-222222222003', 'Dados e Analytics'),
    ('22222222-2222-2222-2222-222222222004', 'Atendimento e Vendas'),
    ('22222222-2222-2222-2222-222222222005', 'Gestão');

    /* ========================================================
       3. EMPRESA
       ======================================================== */
    IF NOT EXISTS (SELECT 1 FROM dbo.EMPRESA WHERE id = '33333333-3333-3333-3333-333333333001')
    INSERT INTO dbo.EMPRESA (id, razaoSocial, nomeFantasia, cnpj, senha_hash) VALUES
    ('33333333-3333-3333-3333-333333333001', 'Tech Solutions Brasil LTDA', 'Tech Solutions', '12345678000101', 'hash_empresa_tech_001'),
    ('33333333-3333-3333-3333-333333333002', 'Dados Inteligentes S.A.', 'DataMind', '12345678000102', 'hash_empresa_data_002'),
    ('33333333-3333-3333-3333-333333333003', 'Comercial Vendas Express LTDA', 'Vendas Express', '12345678000103', 'hash_empresa_vendas_003'),
    ('33333333-3333-3333-3333-333333333004', 'Indústria Alfa Capacitação LTDA', 'Alfa Capacitação', '12345678000104', 'hash_empresa_alfa_004');

    /* ========================================================
       4. CANDIDATO
       ======================================================== */
    IF NOT EXISTS (SELECT 1 FROM dbo.CANDIDATO WHERE id = '44444444-4444-4444-4444-444444444001')
    INSERT INTO dbo.CANDIDATO (id, nome, cpf, email, senha_hash, areaInteresse, nivelFormacao, curriculo_url) VALUES
    ('44444444-4444-4444-4444-444444444001', 'Ana Souza',       '11111111101', 'ana.souza@email.com',       'hash_cand_001', 'Desenvolvimento Backend', 'Superior Completo',   'https://mock.local/cv/ana-souza.pdf'),
    ('44444444-4444-4444-4444-444444444002', 'Bruno Lima',      '11111111102', 'bruno.lima@email.com',      'hash_cand_002', 'Frontend',                'Superior Incompleto', 'https://mock.local/cv/bruno-lima.pdf'),
    ('44444444-4444-4444-4444-444444444003', 'Carla Mendes',    '11111111103', 'carla.mendes@email.com',    'hash_cand_003', 'Dados',                   'Pós-graduação',       'https://mock.local/cv/carla-mendes.pdf'),
    ('44444444-4444-4444-4444-444444444004', 'Diego Ferreira',  '11111111104', 'diego.ferreira@email.com',  'hash_cand_004', 'Suporte e Atendimento',   'Técnico',             'https://mock.local/cv/diego-ferreira.pdf'),
    ('44444444-4444-4444-4444-444444444005', 'Eduarda Rocha',   '11111111105', 'eduarda.rocha@email.com',   'hash_cand_005', 'Business Intelligence',   'Superior Completo',   'https://mock.local/cv/eduarda-rocha.pdf'),
    ('44444444-4444-4444-4444-444444444006', 'Felipe Costa',    '11111111106', 'felipe.costa@email.com',    'hash_cand_006', 'Estágio em TI',           'Superior Incompleto', 'https://mock.local/cv/felipe-costa.pdf'),
    ('44444444-4444-4444-4444-444444444007', 'Gabriela Alves',  '11111111107', 'gabriela.alves@email.com',  'hash_cand_007', 'Gestão de Projetos',      'MBA',                 'https://mock.local/cv/gabriela-alves.pdf'),
    ('44444444-4444-4444-4444-444444444008', 'Henrique Martins','11111111108', 'henrique.martins@email.com','hash_cand_008', 'Área Comercial',          'Superior Completo',   'https://mock.local/cv/henrique-martins.pdf');

    /* ========================================================
       5. INSTITUICAO_ENSINO
       ======================================================== */
    IF NOT EXISTS (SELECT 1 FROM dbo.INSTITUICAO_ENSINO WHERE id = '55555555-5555-5555-5555-555555555001')
    INSERT INTO dbo.INSTITUICAO_ENSINO (id, razaoSocial, nomeFantasia, cnpj, registroEducacional, tipo) VALUES
    ('55555555-5555-5555-5555-555555555001', 'Instituto Federal de Tecnologia Aplicada', 'IFTA',      '22345678000101', 'REG-IFTA-001', 'Pública'),
    ('55555555-5555-5555-5555-555555555002', 'Centro Universitário Metropolitano',        'UniMetro',  '22345678000102', 'REG-UNIM-002', 'Privada'),
    ('55555555-5555-5555-5555-555555555003', 'Escola Técnica Avançar',                    'Avançar',   '22345678000103', 'REG-AVAN-003', 'Técnica'),
    ('55555555-5555-5555-5555-555555555004', 'Academia Corporativa Alfa',                 'Alfa Acad', '22345678000104', 'REG-ALFA-004', 'Corporativa');

    /* ========================================================
       6. CURSO
       ======================================================== */
    IF NOT EXISTS (SELECT 1 FROM dbo.CURSO WHERE id = '66666666-6666-6666-6666-666666666001')
    INSERT INTO dbo.CURSO (id, nome, area, cargaHoraria, modalidade, capacidade, prazoInscricao, instituicao_id, empresa_id) VALUES
    ('66666666-6666-6666-6666-666666666001', 'Formação .NET Backend',           'Tecnologia', 120, 1, 40, '2026-06-30', '55555555-5555-5555-5555-555555555001', '33333333-3333-3333-3333-333333333001'),
    ('66666666-6666-6666-6666-666666666002', 'React do Zero ao Projeto',        'Tecnologia',  80, 1, 35, '2026-05-20', '55555555-5555-5555-5555-555555555002', '33333333-3333-3333-3333-333333333001'),
    ('66666666-6666-6666-6666-666666666003', 'SQL Server para Análise',         'Dados',       60, 2, 30, '2026-05-15', '55555555-5555-5555-5555-555555555001', '33333333-3333-3333-3333-333333333002'),
    ('66666666-6666-6666-6666-666666666004', 'Power BI Aplicado ao Negócio',    'Dados',       50, 1, 25, '2026-04-25', '55555555-5555-5555-5555-555555555004', '33333333-3333-3333-3333-333333333002'),
    ('66666666-6666-6666-6666-666666666005', 'Atendimento de Alta Performance', 'Atendimento', 40, 0, 50, '2026-04-10', '55555555-5555-5555-5555-555555555003', '33333333-3333-3333-3333-333333333003'),
    ('66666666-6666-6666-6666-666666666006', 'Fundamentos de Gestão de Projetos','Gestão',     70, 2, 20, '2026-07-10', '55555555-5555-5555-5555-555555555002', NULL);

    /* ========================================================
       7. VAGA
       ======================================================== */
    IF NOT EXISTS (SELECT 1 FROM dbo.VAGA WHERE id = '77777777-7777-7777-7777-777777777001')
    INSERT INTO dbo.VAGA (id, titulo, descricao, localidade, modalidade, tipo, jornada, prazoInscricao, empresa_id) VALUES
    ('77777777-7777-7777-7777-777777777001', 'Desenvolvedor Backend Júnior', 'Atuação com APIs REST, C# e SQL Server.',              'São Paulo/SP',        2, 0, '40h semanais', '2026-06-15', '33333333-3333-3333-3333-333333333001'),
    ('77777777-7777-7777-7777-777777777002', 'Desenvolvedor Frontend Júnior','Atuação com React, JavaScript e consumo de APIs.',     'Remoto',              1, 0, '40h semanais', '2026-05-30', '33333333-3333-3333-3333-333333333001'),
    ('77777777-7777-7777-7777-777777777003', 'Analista de BI',               'Criação de dashboards em Power BI e modelagem SQL.',  'Belo Horizonte/MG',   2, 0, '40h semanais', '2026-05-25', '33333333-3333-3333-3333-333333333002'),
    ('77777777-7777-7777-7777-777777777004', 'Estagiário de Dados',          'Suporte em ETL, consultas SQL e automações.',         'Remoto',              1, 1, '30h semanais', '2026-04-30', '33333333-3333-3333-3333-333333333002'),
    ('77777777-7777-7777-7777-777777777005', 'Assistente Comercial',         'Atendimento ao cliente e rotinas de vendas.',         'Fortaleza/CE',        0, 0, '44h semanais', '2026-04-18', '33333333-3333-3333-3333-333333333003'),
    ('77777777-7777-7777-7777-777777777006', 'Trainee de Gestão',            'Programa de desenvolvimento em gestão e processos.',  'Recife/PE',           2, 2, '40h semanais', '2026-07-01', '33333333-3333-3333-3333-333333333004'),
    ('77777777-7777-7777-7777-777777777007', 'Analista de Suporte',          'Atendimento N1/N2 e suporte a usuários.',             'Salvador/BA',         0, 0, '12x36',        '2026-05-10', '33333333-3333-3333-3333-333333333003'),
    ('77777777-7777-7777-7777-777777777008', 'Coordenador de Projetos',      'Gestão de cronograma, times e indicadores.',          'São Paulo/SP',        2, 0, '40h semanais', '2026-06-20', '33333333-3333-3333-3333-333333333004');

    /* ========================================================
       8. INSTITUICAO_AREA_ENSINO
       ======================================================== */
    IF NOT EXISTS (SELECT 1 FROM dbo.INSTITUICAO_AREA_ENSINO WHERE instituicao_id = '55555555-5555-5555-5555-555555555001' AND area_ensino_id = '22222222-2222-2222-2222-222222222001')
    INSERT INTO dbo.INSTITUICAO_AREA_ENSINO (instituicao_id, area_ensino_id) VALUES
    ('55555555-5555-5555-5555-555555555001', '22222222-2222-2222-2222-222222222001'),
    ('55555555-5555-5555-5555-555555555001', '22222222-2222-2222-2222-222222222003'),
    ('55555555-5555-5555-5555-555555555002', '22222222-2222-2222-2222-222222222001'),
    ('55555555-5555-5555-5555-555555555002', '22222222-2222-2222-2222-222222222005'),
    ('55555555-5555-5555-5555-555555555003', '22222222-2222-2222-2222-222222222004'),
    ('55555555-5555-5555-5555-555555555003', '22222222-2222-2222-2222-222222222002'),
    ('55555555-5555-5555-5555-555555555004', '22222222-2222-2222-2222-222222222003'),
    ('55555555-5555-5555-5555-555555555004', '22222222-2222-2222-2222-222222222005');

    /* ========================================================
       9. COMPETENCIA_CANDIDATO
       0 = Baixa | 1 = Média | 2 = Alta
       ======================================================== */
    IF NOT EXISTS (SELECT 1 FROM dbo.COMPETENCIA_CANDIDATO WHERE id = '88888888-8888-8888-8888-888888888001')
    INSERT INTO dbo.COMPETENCIA_CANDIDATO (id, nivel, candidato_id, competencia_id) VALUES
    ('88888888-8888-8888-8888-888888888001', 2, '44444444-4444-4444-4444-444444444001', '11111111-1111-1111-1111-111111111001'), -- Ana / C#
    ('88888888-8888-8888-8888-888888888002', 2, '44444444-4444-4444-4444-444444444001', '11111111-1111-1111-1111-111111111002'), -- Ana / SQL
    ('88888888-8888-8888-8888-888888888003', 1, '44444444-4444-4444-4444-444444444001', '11111111-1111-1111-1111-111111111010'), -- Ana / Inglês

    ('88888888-8888-8888-8888-888888888004', 2, '44444444-4444-4444-4444-444444444002', '11111111-1111-1111-1111-111111111003'), -- Bruno / JS
    ('88888888-8888-8888-8888-888888888005', 2, '44444444-4444-4444-4444-444444444002', '11111111-1111-1111-1111-111111111004'), -- Bruno / React
    ('88888888-8888-8888-8888-888888888006', 1, '44444444-4444-4444-4444-444444444002', '11111111-1111-1111-1111-111111111010'), -- Bruno / Inglês

    ('88888888-8888-8888-8888-888888888007', 2, '44444444-4444-4444-4444-444444444003', '11111111-1111-1111-1111-111111111002'), -- Carla / SQL
    ('88888888-8888-8888-8888-888888888008', 2, '44444444-4444-4444-4444-444444444003', '11111111-1111-1111-1111-111111111006'), -- Carla / Power BI
    ('88888888-8888-8888-8888-888888888009', 2, '44444444-4444-4444-4444-444444444003', '11111111-1111-1111-1111-111111111007'), -- Carla / Python

    ('88888888-8888-8888-8888-888888888010', 2, '44444444-4444-4444-4444-444444444004', '11111111-1111-1111-1111-111111111008'), -- Diego / Atendimento
    ('88888888-8888-8888-8888-888888888011', 1, '44444444-4444-4444-4444-444444444004', '11111111-1111-1111-1111-111111111005'), -- Diego / Excel

    ('88888888-8888-8888-8888-888888888012', 2, '44444444-4444-4444-4444-444444444005', '11111111-1111-1111-1111-111111111006'), -- Eduarda / Power BI
    ('88888888-8888-8888-8888-888888888013', 2, '44444444-4444-4444-4444-444444444005', '11111111-1111-1111-1111-111111111002'), -- Eduarda / SQL
    ('88888888-8888-8888-8888-888888888014', 1, '44444444-4444-4444-4444-444444444005', '11111111-1111-1111-1111-111111111005'), -- Eduarda / Excel

    ('88888888-8888-8888-8888-888888888015', 1, '44444444-4444-4444-4444-444444444006', '11111111-1111-1111-1111-111111111001'), -- Felipe / C#
    ('88888888-8888-8888-8888-888888888016', 1, '44444444-4444-4444-4444-444444444006', '11111111-1111-1111-1111-111111111002'), -- Felipe / SQL
    ('88888888-8888-8888-8888-888888888017', 0, '44444444-4444-4444-4444-444444444006', '11111111-1111-1111-1111-111111111007'), -- Felipe / Python

    ('88888888-8888-8888-8888-888888888018', 2, '44444444-4444-4444-4444-444444444007', '11111111-1111-1111-1111-111111111009'), -- Gabriela / Gestão de Projetos
    ('88888888-8888-8888-8888-888888888019', 1, '44444444-4444-4444-4444-444444444007', '11111111-1111-1111-1111-111111111010'), -- Gabriela / Inglês
    ('88888888-8888-8888-8888-888888888020', 1, '44444444-4444-4444-4444-444444444007', '11111111-1111-1111-1111-111111111005'), -- Gabriela / Excel

    ('88888888-8888-8888-8888-888888888021', 2, '44444444-4444-4444-4444-444444444008', '11111111-1111-1111-1111-111111111008'), -- Henrique / Atendimento
    ('88888888-8888-8888-8888-888888888022', 1, '44444444-4444-4444-4444-444444444008', '11111111-1111-1111-1111-111111111005'), -- Henrique / Excel
    ('88888888-8888-8888-8888-888888888023', 1, '44444444-4444-4444-4444-444444444008', '11111111-1111-1111-1111-111111111010'); -- Henrique / Inglês

    /* ========================================================
       10. REQUISITO_VAGA
       ======================================================== */
    IF NOT EXISTS (SELECT 1 FROM dbo.REQUISITO_VAGA WHERE id = '99999999-9999-9999-9999-999999999001')
    INSERT INTO dbo.REQUISITO_VAGA (id, nivel, competencia_id, vaga_id) VALUES
    ('99999999-9999-9999-9999-999999999001', 2, '11111111-1111-1111-1111-111111111001', '77777777-7777-7777-7777-777777777001'),
    ('99999999-9999-9999-9999-999999999002', 2, '11111111-1111-1111-1111-111111111002', '77777777-7777-7777-7777-777777777001'),

    ('99999999-9999-9999-9999-999999999003', 2, '11111111-1111-1111-1111-111111111003', '77777777-7777-7777-7777-777777777002'),
    ('99999999-9999-9999-9999-999999999004', 2, '11111111-1111-1111-1111-111111111004', '77777777-7777-7777-7777-777777777002'),

    ('99999999-9999-9999-9999-999999999005', 2, '11111111-1111-1111-1111-111111111006', '77777777-7777-7777-7777-777777777003'),
    ('99999999-9999-9999-9999-999999999006', 2, '11111111-1111-1111-1111-111111111002', '77777777-7777-7777-7777-777777777003'),

    ('99999999-9999-9999-9999-999999999007', 1, '11111111-1111-1111-1111-111111111002', '77777777-7777-7777-7777-777777777004'),
    ('99999999-9999-9999-9999-999999999008', 0, '11111111-1111-1111-1111-111111111007', '77777777-7777-7777-7777-777777777004'),

    ('99999999-9999-9999-9999-999999999009', 2, '11111111-1111-1111-1111-111111111008', '77777777-7777-7777-7777-777777777005'),
    ('99999999-9999-9999-9999-999999999010', 1, '11111111-1111-1111-1111-111111111005', '77777777-7777-7777-7777-777777777005'),

    ('99999999-9999-9999-9999-999999999011', 1, '11111111-1111-1111-1111-111111111009', '77777777-7777-7777-7777-777777777006'),
    ('99999999-9999-9999-9999-999999999012', 1, '11111111-1111-1111-1111-111111111010', '77777777-7777-7777-7777-777777777006'),

    ('99999999-9999-9999-9999-999999999013', 2, '11111111-1111-1111-1111-111111111008', '77777777-7777-7777-7777-777777777007'),

    ('99999999-9999-9999-9999-999999999014', 2, '11111111-1111-1111-1111-111111111009', '77777777-7777-7777-7777-777777777008'),
    ('99999999-9999-9999-9999-999999999015', 1, '11111111-1111-1111-1111-111111111010', '77777777-7777-7777-7777-777777777008');

    /* ========================================================
       11. CURSO_COMPETENCIA
       ======================================================== */
    IF NOT EXISTS (SELECT 1 FROM dbo.CURSO_COMPETENCIA WHERE id = 'aaaaaaaa-aaaa-aaaa-aaaa-aaaaaaaa0001')
    INSERT INTO dbo.CURSO_COMPETENCIA (id, nivel, curso_id, competencia_id) VALUES
    ('aaaaaaaa-aaaa-aaaa-aaaa-aaaaaaaa0001', 2, '66666666-6666-6666-6666-666666666001', '11111111-1111-1111-1111-111111111001'),
    ('aaaaaaaa-aaaa-aaaa-aaaa-aaaaaaaa0002', 2, '66666666-6666-6666-6666-666666666001', '11111111-1111-1111-1111-111111111002'),

    ('aaaaaaaa-aaaa-aaaa-aaaa-aaaaaaaa0003', 2, '66666666-6666-6666-6666-666666666002', '11111111-1111-1111-1111-111111111003'),
    ('aaaaaaaa-aaaa-aaaa-aaaa-aaaaaaaa0004', 2, '66666666-6666-6666-6666-666666666002', '11111111-1111-1111-1111-111111111004'),

    ('aaaaaaaa-aaaa-aaaa-aaaa-aaaaaaaa0005', 2, '66666666-6666-6666-6666-666666666003', '11111111-1111-1111-1111-111111111002'),
    ('aaaaaaaa-aaaa-aaaa-aaaa-aaaaaaaa0006', 1, '66666666-6666-6666-6666-666666666003', '11111111-1111-1111-1111-111111111005'),

    ('aaaaaaaa-aaaa-aaaa-aaaa-aaaaaaaa0007', 2, '66666666-6666-6666-6666-666666666004', '11111111-1111-1111-1111-111111111006'),
    ('aaaaaaaa-aaaa-aaaa-aaaa-aaaaaaaa0008', 1, '66666666-6666-6666-6666-666666666004', '11111111-1111-1111-1111-111111111002'),

    ('aaaaaaaa-aaaa-aaaa-aaaa-aaaaaaaa0009', 2, '66666666-6666-6666-6666-666666666005', '11111111-1111-1111-1111-111111111008'),
    ('aaaaaaaa-aaaa-aaaa-aaaa-aaaaaaaa0010', 1, '66666666-6666-6666-6666-666666666005', '11111111-1111-1111-1111-111111111005'),

    ('aaaaaaaa-aaaa-aaaa-aaaa-aaaaaaaa0011', 2, '66666666-6666-6666-6666-666666666006', '11111111-1111-1111-1111-111111111009'),
    ('aaaaaaaa-aaaa-aaaa-aaaa-aaaaaaaa0012', 1, '66666666-6666-6666-6666-666666666006', '11111111-1111-1111-1111-111111111010');

    /* ========================================================
       12. CANDIDATURA
       0=enviado | 1=em análise | 2=aceita | 3=recusada | 4=cancelada
       ======================================================== */
    IF NOT EXISTS (SELECT 1 FROM dbo.CANDIDATURA WHERE id = 'bbbbbbbb-bbbb-bbbb-bbbb-bbbbbbbb0001')
    INSERT INTO dbo.CANDIDATURA (id, dataCandidatura, candidato_id, vaga_id, status) VALUES
    ('bbbbbbbb-bbbb-bbbb-bbbb-bbbbbbbb0001', '2026-03-01 09:00:00', '44444444-4444-4444-4444-444444444001', '77777777-7777-7777-7777-777777777001', 1),
    ('bbbbbbbb-bbbb-bbbb-bbbb-bbbbbbbb0002', '2026-03-02 10:30:00', '44444444-4444-4444-4444-444444444002', '77777777-7777-7777-7777-777777777002', 1),
    ('bbbbbbbb-bbbb-bbbb-bbbb-bbbbbbbb0003', '2026-03-03 14:00:00', '44444444-4444-4444-4444-444444444003', '77777777-7777-7777-7777-777777777003', 2),
    ('bbbbbbbb-bbbb-bbbb-bbbb-bbbbbbbb0004', '2026-03-04 11:45:00', '44444444-4444-4444-4444-444444444006', '77777777-7777-7777-7777-777777777004', 0),
    ('bbbbbbbb-bbbb-bbbb-bbbb-bbbbbbbb0005', '2026-03-05 08:20:00', '44444444-4444-4444-4444-444444444008', '77777777-7777-7777-7777-777777777005', 1),
    ('bbbbbbbb-bbbb-bbbb-bbbb-bbbbbbbb0006', '2026-03-06 16:10:00', '44444444-4444-4444-4444-444444444007', '77777777-7777-7777-7777-777777777006', 0),
    ('bbbbbbbb-bbbb-bbbb-bbbb-bbbbbbbb0007', '2026-03-07 09:50:00', '44444444-4444-4444-4444-444444444004', '77777777-7777-7777-7777-777777777007', 2),
    ('bbbbbbbb-bbbb-bbbb-bbbb-bbbbbbbb0008', '2026-03-08 13:15:00', '44444444-4444-4444-4444-444444444007', '77777777-7777-7777-7777-777777777008', 1),
    ('bbbbbbbb-bbbb-bbbb-bbbb-bbbbbbbb0009', '2026-03-09 12:00:00', '44444444-4444-4444-4444-444444444005', '77777777-7777-7777-7777-777777777003', 1),
    ('bbbbbbbb-bbbb-bbbb-bbbb-bbbbbbbb0010', '2026-03-10 15:40:00', '44444444-4444-4444-4444-444444444001', '77777777-7777-7777-7777-777777777008', 3);

    /* ========================================================
       13. INSCRICAO_CURSO
       status: 0 = ativa/pendente | 1 = concluída/aprovada
       ======================================================== */
    IF NOT EXISTS (SELECT 1 FROM dbo.INSCRICAO_CURSO WHERE id = 'cccccccc-cccc-cccc-cccc-cccccccc0001')
    INSERT INTO dbo.INSCRICAO_CURSO (id, dataInscricao, candidato_id, curso_id, status) VALUES
    ('cccccccc-cccc-cccc-cccc-cccccccc0001', '2026-02-20 08:00:00', '44444444-4444-4444-4444-444444444006', '66666666-6666-6666-6666-666666666001', 0),
    ('cccccccc-cccc-cccc-cccc-cccccccc0002', '2026-02-21 09:30:00', '44444444-4444-4444-4444-444444444002', '66666666-6666-6666-6666-666666666002', 1),
    ('cccccccc-cccc-cccc-cccc-cccccccc0003', '2026-02-22 10:00:00', '44444444-4444-4444-4444-444444444003', '66666666-6666-6666-6666-666666666003', 1),
    ('cccccccc-cccc-cccc-cccc-cccccccc0004', '2026-02-23 11:15:00', '44444444-4444-4444-4444-444444444005', '66666666-6666-6666-6666-666666666004', 0),
    ('cccccccc-cccc-cccc-cccc-cccccccc0005', '2026-02-24 13:45:00', '44444444-4444-4444-4444-444444444008', '66666666-6666-6666-6666-666666666005', 1),
    ('cccccccc-cccc-cccc-cccc-cccccccc0006', '2026-02-25 14:30:00', '44444444-4444-4444-4444-444444444007', '66666666-6666-6666-6666-666666666006', 0),
    ('cccccccc-cccc-cccc-cccc-cccccccc0007', '2026-02-26 15:10:00', '44444444-4444-4444-4444-444444444001', '66666666-6666-6666-6666-666666666003', 1),
    ('cccccccc-cccc-cccc-cccc-cccccccc0008', '2026-02-27 16:20:00', '44444444-4444-4444-4444-444444444004', '66666666-6666-6666-6666-666666666005', 0);

    COMMIT TRANSACTION;
    PRINT 'Mock de dados inserido com sucesso no SistemaLaboral.';
END TRY
BEGIN CATCH
    IF @@TRANCOUNT > 0
        ROLLBACK TRANSACTION;

    PRINT 'Erro ao inserir mock de dados.';
    THROW;
END CATCH;
GO
